﻿[
  {
    "coActors.name": "Laurence Fishburne"
  },
  {
    "coActors.name": "Carrie-Anne Moss"
  },
  {
    "coActors.name": "Keanu Reeves"
  },
  {
    "coActors.name": "Tom Hanks"
  },
  {
    "coActors.name": "Halle Berry"
  },
  {
    "coActors.name": "Jim Broadbent"
  },
  {
    "coActors.name": "John Hurt"
  },
  {
    "coActors.name": "Natalie Portman"
  },
  {
    "coActors.name": "Ben Miles"
  },
  {
    "coActors.name": "Stephen Rea"
  },
  {
    "coActors.name": "Keanu Reeves"
  },
  {
    "coActors.name": "Laurence Fishburne"
  },
  {
    "coActors.name": "Carrie-Anne Moss"
  },
  {
    "coActors.name": "Carrie-Anne Moss"
  },
  {
    "coActors.name": "Emil Eifrem"
  },
  {
    "coActors.name": "Keanu Reeves"
  },
  {
    "coActors.name": "Laurence Fishburne"
  }
]