﻿[
  {
    "movie1": {
      "identity": 1316,
      "labels": [
        "Movie"
      ],
      "properties": {
        "title": "The Matrix Revolutions",
        "tagline": "Everything that has a beginning has an end",
        "released": 2003
      }
    },
    "person": {
      "identity": 14,
      "labels": [
        "Person"
      ],
      "properties": {
        "name": "Carrie-Anne Moss",
        "born": 1967
      }
    },
    "relatedTo": {
      "identity": 2125,
      "start": 14,
      "end": 1316,
      "type": "ACTED_IN",
      "properties": {
        "roles": [
          "Trinity"
        ]
      }
    }
  },
  {
    "movie1": {
      "identity": 1315,
      "labels": [
        "Movie"
      ],
      "properties": {
        "title": "The Matrix Reloaded",
        "tagline": "Free your mind",
        "released": 2003
      }
    },
    "person": {
      "identity": 14,
      "labels": [
        "Person"
      ],
      "properties": {
        "name": "Carrie-Anne Moss",
        "born": 1967
      }
    },
    "relatedTo": {
      "identity": 2116,
      "start": 14,
      "end": 1315,
      "type": "ACTED_IN",
      "properties": {
        "roles": [
          "Trinity"
        ]
      }
    }
  },
  {
    "movie1": {
      "identity": 1316,
      "labels": [
        "Movie"
      ],
      "properties": {
        "title": "The Matrix Revolutions",
        "tagline": "Everything that has a beginning has an end",
        "released": 2003
      }
    },
    "person": {
      "identity": 16,
      "labels": [
        "Person"
      ],
      "properties": {
        "name": "Hugo Weaving",
        "born": 1960
      }
    },
    "relatedTo": {
      "identity": 2127,
      "start": 16,
      "end": 1316,
      "type": "ACTED_IN",
      "properties": {
        "roles": [
          "Agent Smith"
        ]
      }
    }
  },
  {
    "movie1": {
      "identity": 2176,
      "labels": [
        "Movie"
      ],
      "properties": {
        "title": "Cloud Atlas",
        "tagline": "Everything is connected",
        "released": 2012
      }
    },
    "person": {
      "identity": 16,
      "labels": [
        "Person"
      ],
      "properties": {
        "name": "Hugo Weaving",
        "born": 1960
      }
    },
    "relatedTo": {
      "identity": 2247,
      "start": 16,
      "end": 2176,
      "type": "ACTED_IN",
      "properties": {
        "roles": [
          "Bill Smoke",
          "Haskell Moore",
          "Tadeusz Kesselring",
          "Nurse Noakes",
          "Boardman Mephi",
          "Old Georgie"
        ]
      }
    }
  },
  {
    "movie1": {
      "identity": 2187,
      "labels": [
        "Movie"
      ],
      "properties": {
        "title": "V for Vendetta",
        "tagline": "Freedom! Forever!",
        "released": 2006
      }
    },
    "person": {
      "identity": 16,
      "labels": [
        "Person"
      ],
      "properties": {
        "name": "Hugo Weaving",
        "born": 1960
      }
    },
    "relatedTo": {
      "identity": 2260,
      "start": 16,
      "end": 2187,
      "type": "ACTED_IN",
      "properties": {
        "roles": [
          "V"
        ]
      }
    }
  },
  {
    "movie1": {
      "identity": 1315,
      "labels": [
        "Movie"
      ],
      "properties": {
        "title": "The Matrix Reloaded",
        "tagline": "Free your mind",
        "released": 2003
      }
    },
    "person": {
      "identity": 16,
      "labels": [
        "Person"
      ],
      "properties": {
        "name": "Hugo Weaving",
        "born": 1960
      }
    },
    "relatedTo": {
      "identity": 2118,
      "start": 16,
      "end": 1315,
      "type": "ACTED_IN",
      "properties": {
        "roles": [
          "Agent Smith"
        ]
      }
    }
  },
  {
    "movie1": {
      "identity": 2171,
      "labels": [
        "Movie"
      ],
      "properties": {
        "title": "Johnny Mnemonic",
        "tagline": "The hottest data on earth. In the coolest head in town",
        "released": 1995
      }
    },
    "person": {
      "identity": 13,
      "labels": [
        "Person"
      ],
      "properties": {
        "name": "Keanu Reeves",
        "born": 1964
      }
    },
    "relatedTo": {
      "identity": 2241,
      "start": 13,
      "end": 2171,
      "type": "ACTED_IN",
      "properties": {
        "roles": [
          "Johnny Mnemonic"
        ]
      }
    }
  },
  {
    "movie1": {
      "identity": 1317,
      "labels": [
        "Movie"
      ],
      "properties": {
        "title": "The Devil's Advocate",
        "tagline": "Evil has its winning ways",
        "released": 1997
      }
    },
    "person": {
      "identity": 13,
      "labels": [
        "Person"
      ],
      "properties": {
        "name": "Keanu Reeves",
        "born": 1964
      }
    },
    "relatedTo": {
      "identity": 2131,
      "start": 13,
      "end": 1317,
      "type": "ACTED_IN",
      "properties": {
        "roles": [
          "Kevin Lomax"
        ]
      }
    }
  },
  {
    "movie1": {
      "identity": 2158,
      "labels": [
        "Movie"
      ],
      "properties": {
        "title": "The Replacements",
        "tagline": "Pain heals, Chicks dig scars... Glory lasts forever",
        "released": 2000
      }
    },
    "person": {
      "identity": 13,
      "labels": [
        "Person"
      ],
      "properties": {
        "name": "Keanu Reeves",
        "born": 1964
      }
    },
    "relatedTo": {
      "identity": 2223,
      "start": 13,
      "end": 2158,
      "type": "ACTED_IN",
      "properties": {
        "roles": [
          "Shane Falco"
        ]
      }
    }
  },
  {
    "movie1": {
      "identity": 1315,
      "labels": [
        "Movie"
      ],
      "properties": {
        "title": "The Matrix Reloaded",
        "tagline": "Free your mind",
        "released": 2003
      }
    },
    "person": {
      "identity": 13,
      "labels": [
        "Person"
      ],
      "properties": {
        "name": "Keanu Reeves",
        "born": 1964
      }
    },
    "relatedTo": {
      "identity": 2115,
      "start": 13,
      "end": 1315,
      "type": "ACTED_IN",
      "properties": {
        "roles": [
          "Neo"
        ]
      }
    }
  },
  {
    "movie1": {
      "identity": 2225,
      "labels": [
        "Movie"
      ],
      "properties": {
        "title": "Something's Gotta Give",
        "released": 2003
      }
    },
    "person": {
      "identity": 13,
      "labels": [
        "Person"
      ],
      "properties": {
        "name": "Keanu Reeves",
        "born": 1964
      }
    },
    "relatedTo": {
      "identity": 2330,
      "start": 13,
      "end": 2225,
      "type": "ACTED_IN",
      "properties": {
        "roles": [
          "Julian Mercer"
        ]
      }
    }
  },
  {
    "movie1": {
      "identity": 1316,
      "labels": [
        "Movie"
      ],
      "properties": {
        "title": "The Matrix Revolutions",
        "tagline": "Everything that has a beginning has an end",
        "released": 2003
      }
    },
    "person": {
      "identity": 13,
      "labels": [
        "Person"
      ],
      "properties": {
        "name": "Keanu Reeves",
        "born": 1964
      }
    },
    "relatedTo": {
      "identity": 2124,
      "start": 13,
      "end": 1316,
      "type": "ACTED_IN",
      "properties": {
        "roles": [
          "Neo"
        ]
      }
    }
  },
  {
    "movie1": {
      "identity": 1316,
      "labels": [
        "Movie"
      ],
      "properties": {
        "title": "The Matrix Revolutions",
        "tagline": "Everything that has a beginning has an end",
        "released": 2003
      }
    },
    "person": {
      "identity": 15,
      "labels": [
        "Person"
      ],
      "properties": {
        "name": "Laurence Fishburne",
        "born": 1961
      }
    },
    "relatedTo": {
      "identity": 2126,
      "start": 15,
      "end": 1316,
      "type": "ACTED_IN",
      "properties": {
        "roles": [
          "Morpheus"
        ]
      }
    }
  },
  {
    "movie1": {
      "identity": 1315,
      "labels": [
        "Movie"
      ],
      "properties": {
        "title": "The Matrix Reloaded",
        "tagline": "Free your mind",
        "released": 2003
      }
    },
    "person": {
      "identity": 15,
      "labels": [
        "Person"
      ],
      "properties": {
        "name": "Laurence Fishburne",
        "born": 1961
      }
    },
    "relatedTo": {
      "identity": 2117,
      "start": 15,
      "end": 1315,
      "type": "ACTED_IN",
      "properties": {
        "roles": [
          "Morpheus"
        ]
      }
    }
  },
  {
    "movie1": {
      "identity": 1316,
      "labels": [
        "Movie"
      ],
      "properties": {
        "title": "The Matrix Revolutions",
        "tagline": "Everything that has a beginning has an end",
        "released": 2003
      }
    },
    "person": {
      "identity": 16,
      "labels": [
        "Person"
      ],
      "properties": {
        "name": "Hugo Weaving",
        "born": 1960
      }
    },
    "relatedTo": {
      "identity": 2127,
      "start": 16,
      "end": 1316,
      "type": "ACTED_IN",
      "properties": {
        "roles": [
          "Agent Smith"
        ]
      }
    }
  },
  {
    "movie1": {
      "identity": 2176,
      "labels": [
        "Movie"
      ],
      "properties": {
        "title": "Cloud Atlas",
        "tagline": "Everything is connected",
        "released": 2012
      }
    },
    "person": {
      "identity": 16,
      "labels": [
        "Person"
      ],
      "properties": {
        "name": "Hugo Weaving",
        "born": 1960
      }
    },
    "relatedTo": {
      "identity": 2247,
      "start": 16,
      "end": 2176,
      "type": "ACTED_IN",
      "properties": {
        "roles": [
          "Bill Smoke",
          "Haskell Moore",
          "Tadeusz Kesselring",
          "Nurse Noakes",
          "Boardman Mephi",
          "Old Georgie"
        ]
      }
    }
  },
  {
    "movie1": {
      "identity": 2187,
      "labels": [
        "Movie"
      ],
      "properties": {
        "title": "V for Vendetta",
        "tagline": "Freedom! Forever!",
        "released": 2006
      }
    },
    "person": {
      "identity": 16,
      "labels": [
        "Person"
      ],
      "properties": {
        "name": "Hugo Weaving",
        "born": 1960
      }
    },
    "relatedTo": {
      "identity": 2260,
      "start": 16,
      "end": 2187,
      "type": "ACTED_IN",
      "properties": {
        "roles": [
          "V"
        ]
      }
    }
  },
  {
    "movie1": {
      "identity": 12,
      "labels": [
        "Movie"
      ],
      "properties": {
        "title": "The Matrix",
        "tagline": "Welcome to the Real World",
        "released": 1999
      }
    },
    "person": {
      "identity": 16,
      "labels": [
        "Person"
      ],
      "properties": {
        "name": "Hugo Weaving",
        "born": 1960
      }
    },
    "relatedTo": {
      "identity": 2110,
      "start": 16,
      "end": 12,
      "type": "ACTED_IN",
      "properties": {
        "roles": [
          "Agent Smith"
        ]
      }
    }
  },
  {
    "movie1": {
      "identity": 2171,
      "labels": [
        "Movie"
      ],
      "properties": {
        "title": "Johnny Mnemonic",
        "tagline": "The hottest data on earth. In the coolest head in town",
        "released": 1995
      }
    },
    "person": {
      "identity": 13,
      "labels": [
        "Person"
      ],
      "properties": {
        "name": "Keanu Reeves",
        "born": 1964
      }
    },
    "relatedTo": {
      "identity": 2241,
      "start": 13,
      "end": 2171,
      "type": "ACTED_IN",
      "properties": {
        "roles": [
          "Johnny Mnemonic"
        ]
      }
    }
  },
  {
    "movie1": {
      "identity": 1317,
      "labels": [
        "Movie"
      ],
      "properties": {
        "title": "The Devil's Advocate",
        "tagline": "Evil has its winning ways",
        "released": 1997
      }
    },
    "person": {
      "identity": 13,
      "labels": [
        "Person"
      ],
      "properties": {
        "name": "Keanu Reeves",
        "born": 1964
      }
    },
    "relatedTo": {
      "identity": 2131,
      "start": 13,
      "end": 1317,
      "type": "ACTED_IN",
      "properties": {
        "roles": [
          "Kevin Lomax"
        ]
      }
    }
  },
  {
    "movie1": {
      "identity": 2158,
      "labels": [
        "Movie"
      ],
      "properties": {
        "title": "The Replacements",
        "tagline": "Pain heals, Chicks dig scars... Glory lasts forever",
        "released": 2000
      }
    },
    "person": {
      "identity": 13,
      "labels": [
        "Person"
      ],
      "properties": {
        "name": "Keanu Reeves",
        "born": 1964
      }
    },
    "relatedTo": {
      "identity": 2223,
      "start": 13,
      "end": 2158,
      "type": "ACTED_IN",
      "properties": {
        "roles": [
          "Shane Falco"
        ]
      }
    }
  },
  {
    "movie1": {
      "identity": 12,
      "labels": [
        "Movie"
      ],
      "properties": {
        "title": "The Matrix",
        "tagline": "Welcome to the Real World",
        "released": 1999
      }
    },
    "person": {
      "identity": 13,
      "labels": [
        "Person"
      ],
      "properties": {
        "name": "Keanu Reeves",
        "born": 1964
      }
    },
    "relatedTo": {
      "identity": 2107,
      "start": 13,
      "end": 12,
      "type": "ACTED_IN",
      "properties": {
        "roles": [
          "Neo"
        ]
      }
    }
  },
  {
    "movie1": {
      "identity": 2225,
      "labels": [
        "Movie"
      ],
      "properties": {
        "title": "Something's Gotta Give",
        "released": 2003
      }
    },
    "person": {
      "identity": 13,
      "labels": [
        "Person"
      ],
      "properties": {
        "name": "Keanu Reeves",
        "born": 1964
      }
    },
    "relatedTo": {
      "identity": 2330,
      "start": 13,
      "end": 2225,
      "type": "ACTED_IN",
      "properties": {
        "roles": [
          "Julian Mercer"
        ]
      }
    }
  },
  {
    "movie1": {
      "identity": 1316,
      "labels": [
        "Movie"
      ],
      "properties": {
        "title": "The Matrix Revolutions",
        "tagline": "Everything that has a beginning has an end",
        "released": 2003
      }
    },
    "person": {
      "identity": 13,
      "labels": [
        "Person"
      ],
      "properties": {
        "name": "Keanu Reeves",
        "born": 1964
      }
    },
    "relatedTo": {
      "identity": 2124,
      "start": 13,
      "end": 1316,
      "type": "ACTED_IN",
      "properties": {
        "roles": [
          "Neo"
        ]
      }
    }
  },
  {
    "movie1": {
      "identity": 1316,
      "labels": [
        "Movie"
      ],
      "properties": {
        "title": "The Matrix Revolutions",
        "tagline": "Everything that has a beginning has an end",
        "released": 2003
      }
    },
    "person": {
      "identity": 15,
      "labels": [
        "Person"
      ],
      "properties": {
        "name": "Laurence Fishburne",
        "born": 1961
      }
    },
    "relatedTo": {
      "identity": 2126,
      "start": 15,
      "end": 1316,
      "type": "ACTED_IN",
      "properties": {
        "roles": [
          "Morpheus"
        ]
      }
    }
  },
  {
    "movie1": {
      "identity": 12,
      "labels": [
        "Movie"
      ],
      "properties": {
        "title": "The Matrix",
        "tagline": "Welcome to the Real World",
        "released": 1999
      }
    },
    "person": {
      "identity": 15,
      "labels": [
        "Person"
      ],
      "properties": {
        "name": "Laurence Fishburne",
        "born": 1961
      }
    },
    "relatedTo": {
      "identity": 2109,
      "start": 15,
      "end": 12,
      "type": "ACTED_IN",
      "properties": {
        "roles": [
          "Morpheus"
        ]
      }
    }
  },
  {
    "movie1": {
      "identity": 12,
      "labels": [
        "Movie"
      ],
      "properties": {
        "title": "The Matrix",
        "tagline": "Welcome to the Real World",
        "released": 1999
      }
    },
    "person": {
      "identity": 14,
      "labels": [
        "Person"
      ],
      "properties": {
        "name": "Carrie-Anne Moss",
        "born": 1967
      }
    },
    "relatedTo": {
      "identity": 2108,
      "start": 14,
      "end": 12,
      "type": "ACTED_IN",
      "properties": {
        "roles": [
          "Trinity"
        ]
      }
    }
  },
  {
    "movie1": {
      "identity": 1316,
      "labels": [
        "Movie"
      ],
      "properties": {
        "title": "The Matrix Revolutions",
        "tagline": "Everything that has a beginning has an end",
        "released": 2003
      }
    },
    "person": {
      "identity": 14,
      "labels": [
        "Person"
      ],
      "properties": {
        "name": "Carrie-Anne Moss",
        "born": 1967
      }
    },
    "relatedTo": {
      "identity": 2125,
      "start": 14,
      "end": 1316,
      "type": "ACTED_IN",
      "properties": {
        "roles": [
          "Trinity"
        ]
      }
    }
  },
  {
    "movie1": {
      "identity": 2176,
      "labels": [
        "Movie"
      ],
      "properties": {
        "title": "Cloud Atlas",
        "tagline": "Everything is connected",
        "released": 2012
      }
    },
    "person": {
      "identity": 16,
      "labels": [
        "Person"
      ],
      "properties": {
        "name": "Hugo Weaving",
        "born": 1960
      }
    },
    "relatedTo": {
      "identity": 2247,
      "start": 16,
      "end": 2176,
      "type": "ACTED_IN",
      "properties": {
        "roles": [
          "Bill Smoke",
          "Haskell Moore",
          "Tadeusz Kesselring",
          "Nurse Noakes",
          "Boardman Mephi",
          "Old Georgie"
        ]
      }
    }
  },
  {
    "movie1": {
      "identity": 2187,
      "labels": [
        "Movie"
      ],
      "properties": {
        "title": "V for Vendetta",
        "tagline": "Freedom! Forever!",
        "released": 2006
      }
    },
    "person": {
      "identity": 16,
      "labels": [
        "Person"
      ],
      "properties": {
        "name": "Hugo Weaving",
        "born": 1960
      }
    },
    "relatedTo": {
      "identity": 2260,
      "start": 16,
      "end": 2187,
      "type": "ACTED_IN",
      "properties": {
        "roles": [
          "V"
        ]
      }
    }
  },
  {
    "movie1": {
      "identity": 1315,
      "labels": [
        "Movie"
      ],
      "properties": {
        "title": "The Matrix Reloaded",
        "tagline": "Free your mind",
        "released": 2003
      }
    },
    "person": {
      "identity": 16,
      "labels": [
        "Person"
      ],
      "properties": {
        "name": "Hugo Weaving",
        "born": 1960
      }
    },
    "relatedTo": {
      "identity": 2118,
      "start": 16,
      "end": 1315,
      "type": "ACTED_IN",
      "properties": {
        "roles": [
          "Agent Smith"
        ]
      }
    }
  },
  {
    "movie1": {
      "identity": 12,
      "labels": [
        "Movie"
      ],
      "properties": {
        "title": "The Matrix",
        "tagline": "Welcome to the Real World",
        "released": 1999
      }
    },
    "person": {
      "identity": 16,
      "labels": [
        "Person"
      ],
      "properties": {
        "name": "Hugo Weaving",
        "born": 1960
      }
    },
    "relatedTo": {
      "identity": 2110,
      "start": 16,
      "end": 12,
      "type": "ACTED_IN",
      "properties": {
        "roles": [
          "Agent Smith"
        ]
      }
    }
  },
  {
    "movie1": {
      "identity": 1315,
      "labels": [
        "Movie"
      ],
      "properties": {
        "title": "The Matrix Reloaded",
        "tagline": "Free your mind",
        "released": 2003
      }
    },
    "person": {
      "identity": 15,
      "labels": [
        "Person"
      ],
      "properties": {
        "name": "Laurence Fishburne",
        "born": 1961
      }
    },
    "relatedTo": {
      "identity": 2117,
      "start": 15,
      "end": 1315,
      "type": "ACTED_IN",
      "properties": {
        "roles": [
          "Morpheus"
        ]
      }
    }
  },
  {
    "movie1": {
      "identity": 12,
      "labels": [
        "Movie"
      ],
      "properties": {
        "title": "The Matrix",
        "tagline": "Welcome to the Real World",
        "released": 1999
      }
    },
    "person": {
      "identity": 15,
      "labels": [
        "Person"
      ],
      "properties": {
        "name": "Laurence Fishburne",
        "born": 1961
      }
    },
    "relatedTo": {
      "identity": 2109,
      "start": 15,
      "end": 12,
      "type": "ACTED_IN",
      "properties": {
        "roles": [
          "Morpheus"
        ]
      }
    }
  },
  {
    "movie1": {
      "identity": 12,
      "labels": [
        "Movie"
      ],
      "properties": {
        "title": "The Matrix",
        "tagline": "Welcome to the Real World",
        "released": 1999
      }
    },
    "person": {
      "identity": 14,
      "labels": [
        "Person"
      ],
      "properties": {
        "name": "Carrie-Anne Moss",
        "born": 1967
      }
    },
    "relatedTo": {
      "identity": 2108,
      "start": 14,
      "end": 12,
      "type": "ACTED_IN",
      "properties": {
        "roles": [
          "Trinity"
        ]
      }
    }
  },
  {
    "movie1": {
      "identity": 1315,
      "labels": [
        "Movie"
      ],
      "properties": {
        "title": "The Matrix Reloaded",
        "tagline": "Free your mind",
        "released": 2003
      }
    },
    "person": {
      "identity": 14,
      "labels": [
        "Person"
      ],
      "properties": {
        "name": "Carrie-Anne Moss",
        "born": 1967
      }
    },
    "relatedTo": {
      "identity": 2116,
      "start": 14,
      "end": 1315,
      "type": "ACTED_IN",
      "properties": {
        "roles": [
          "Trinity"
        ]
      }
    }
  },
  {
    "movie1": {
      "identity": 2171,
      "labels": [
        "Movie"
      ],
      "properties": {
        "title": "Johnny Mnemonic",
        "tagline": "The hottest data on earth. In the coolest head in town",
        "released": 1995
      }
    },
    "person": {
      "identity": 13,
      "labels": [
        "Person"
      ],
      "properties": {
        "name": "Keanu Reeves",
        "born": 1964
      }
    },
    "relatedTo": {
      "identity": 2241,
      "start": 13,
      "end": 2171,
      "type": "ACTED_IN",
      "properties": {
        "roles": [
          "Johnny Mnemonic"
        ]
      }
    }
  },
  {
    "movie1": {
      "identity": 1317,
      "labels": [
        "Movie"
      ],
      "properties": {
        "title": "The Devil's Advocate",
        "tagline": "Evil has its winning ways",
        "released": 1997
      }
    },
    "person": {
      "identity": 13,
      "labels": [
        "Person"
      ],
      "properties": {
        "name": "Keanu Reeves",
        "born": 1964
      }
    },
    "relatedTo": {
      "identity": 2131,
      "start": 13,
      "end": 1317,
      "type": "ACTED_IN",
      "properties": {
        "roles": [
          "Kevin Lomax"
        ]
      }
    }
  },
  {
    "movie1": {
      "identity": 2158,
      "labels": [
        "Movie"
      ],
      "properties": {
        "title": "The Replacements",
        "tagline": "Pain heals, Chicks dig scars... Glory lasts forever",
        "released": 2000
      }
    },
    "person": {
      "identity": 13,
      "labels": [
        "Person"
      ],
      "properties": {
        "name": "Keanu Reeves",
        "born": 1964
      }
    },
    "relatedTo": {
      "identity": 2223,
      "start": 13,
      "end": 2158,
      "type": "ACTED_IN",
      "properties": {
        "roles": [
          "Shane Falco"
        ]
      }
    }
  },
  {
    "movie1": {
      "identity": 1315,
      "labels": [
        "Movie"
      ],
      "properties": {
        "title": "The Matrix Reloaded",
        "tagline": "Free your mind",
        "released": 2003
      }
    },
    "person": {
      "identity": 13,
      "labels": [
        "Person"
      ],
      "properties": {
        "name": "Keanu Reeves",
        "born": 1964
      }
    },
    "relatedTo": {
      "identity": 2115,
      "start": 13,
      "end": 1315,
      "type": "ACTED_IN",
      "properties": {
        "roles": [
          "Neo"
        ]
      }
    }
  },
  {
    "movie1": {
      "identity": 12,
      "labels": [
        "Movie"
      ],
      "properties": {
        "title": "The Matrix",
        "tagline": "Welcome to the Real World",
        "released": 1999
      }
    },
    "person": {
      "identity": 13,
      "labels": [
        "Person"
      ],
      "properties": {
        "name": "Keanu Reeves",
        "born": 1964
      }
    },
    "relatedTo": {
      "identity": 2107,
      "start": 13,
      "end": 12,
      "type": "ACTED_IN",
      "properties": {
        "roles": [
          "Neo"
        ]
      }
    }
  },
  {
    "movie1": {
      "identity": 2225,
      "labels": [
        "Movie"
      ],
      "properties": {
        "title": "Something's Gotta Give",
        "released": 2003
      }
    },
    "person": {
      "identity": 13,
      "labels": [
        "Person"
      ],
      "properties": {
        "name": "Keanu Reeves",
        "born": 1964
      }
    },
    "relatedTo": {
      "identity": 2330,
      "start": 13,
      "end": 2225,
      "type": "ACTED_IN",
      "properties": {
        "roles": [
          "Julian Mercer"
        ]
      }
    }
  }
]