﻿[
  {
    "person": {
      "identity": 13,
      "labels": [
        "Person"
      ],
      "properties": {
        "name": "Keanu Reeves",
        "born": 1964
      }
    },
    "COUNT(*)": 7
  },
  {
    "person": {
      "identity": 14,
      "labels": [
        "Person"
      ],
      "properties": {
        "name": "Carrie-Anne Moss",
        "born": 1967
      }
    },
    "COUNT(*)": 3
  },
  {
    "person": {
      "identity": 15,
      "labels": [
        "Person"
      ],
      "properties": {
        "name": "Laurence Fishburne",
        "born": 1961
      }
    },
    "COUNT(*)": 3
  },
  {
    "person": {
      "identity": 16,
      "labels": [
        "Person"
      ],
      "properties": {
        "name": "Hugo Weaving",
        "born": 1960
      }
    },
    "COUNT(*)": 5
  },
  {
    "person": {
      "identity": 1314,
      "labels": [
        "Person"
      ],
      "properties": {
        "name": "Emil Eifrem",
        "born": 1978
      }
    },
    "COUNT(*)": 1
  },
  {
    "person": {
      "identity": 1318,
      "labels": [
        "Person"
      ],
      "properties": {
        "name": "Charlize Theron",
        "born": 1975
      }
    },
    "COUNT(*)": 2
  },
  {
    "person": {
      "identity": 1319,
      "labels": [
        "Person"
      ],
      "properties": {
        "name": "Al Pacino",
        "born": 1940
      }
    },
    "COUNT(*)": 1
  },
  {
    "person": {
      "identity": 1322,
      "labels": [
        "Person"
      ],
      "properties": {
        "name": "Tom Cruise",
        "born": 1962
      }
    },
    "COUNT(*)": 3
  },
  {
    "person": {
      "identity": 1323,
      "labels": [
        "Person"
      ],
      "properties": {
        "name": "Jack Nicholson",
        "born": 1937
      }
    },
    "COUNT(*)": 5
  },
  {
    "person": {
      "identity": 1324,
      "labels": [
        "Person"
      ],
      "properties": {
        "name": "Demi Moore",
        "born": 1962
      }
    },
    "COUNT(*)": 1
  },
  {
    "person": {
      "identity": 1325,
      "labels": [
        "Person"
      ],
      "properties": {
        "name": "Kevin Bacon",
        "born": 1958
      }
    },
    "COUNT(*)": 3
  },
  {
    "person": {
      "identity": 1326,
      "labels": [
        "Person"
      ],
      "properties": {
        "name": "Kiefer Sutherland",
        "born": 1966
      }
    },
    "COUNT(*)": 2
  },
  {
    "person": {
      "identity": 2092,
      "labels": [
        "Person"
      ],
      "properties": {
        "name": "Noah Wyle",
        "born": 1971
      }
    },
    "COUNT(*)": 1
  },
  {
    "person": {
      "identity": 2093,
      "labels": [
        "Person"
      ],
      "properties": {
        "name": "Cuba Gooding Jr.",
        "born": 1968
      }
    },
    "COUNT(*)": 4
  },
  {
    "person": {
      "identity": 2094,
      "labels": [
        "Person"
      ],
      "properties": {
        "name": "Kevin Pollak",
        "born": 1957
      }
    },
    "COUNT(*)": 1
  },
  {
    "person": {
      "identity": 2095,
      "labels": [
        "Person"
      ],
      "properties": {
        "name": "J.T. Walsh",
        "born": 1943
      }
    },
    "COUNT(*)": 2
  },
  {
    "person": {
      "identity": 2096,
      "labels": [
        "Person"
      ],
      "properties": {
        "name": "James Marshall",
        "born": 1967
      }
    },
    "COUNT(*)": 1
  },
  {
    "person": {
      "identity": 2097,
      "labels": [
        "Person"
      ],
      "properties": {
        "name": "Christopher Guest",
        "born": 1948
      }
    },
    "COUNT(*)": 1
  },
  {
    "person": {
      "identity": 2099,
      "labels": [
        "Person"
      ],
      "properties": {
        "name": "Aaron Sorkin",
        "born": 1961
      }
    },
    "COUNT(*)": 1
  },
  {
    "person": {
      "identity": 2101,
      "labels": [
        "Person"
      ],
      "properties": {
        "name": "Kelly McGillis",
        "born": 1957
      }
    },
    "COUNT(*)": 1
  },
  {
    "person": {
      "identity": 2102,
      "labels": [
        "Person"
      ],
      "properties": {
        "name": "Val Kilmer",
        "born": 1959
      }
    },
    "COUNT(*)": 1
  },
  {
    "person": {
      "identity": 2103,
      "labels": [
        "Person"
      ],
      "properties": {
        "name": "Anthony Edwards",
        "born": 1962
      }
    },
    "COUNT(*)": 1
  },
  {
    "person": {
      "identity": 2104,
      "labels": [
        "Person"
      ],
      "properties": {
        "name": "Tom Skerritt",
        "born": 1933
      }
    },
    "COUNT(*)": 1
  },
  {
    "person": {
      "identity": 2105,
      "labels": [
        "Person"
      ],
      "properties": {
        "name": "Meg Ryan",
        "born": 1961
      }
    },
    "COUNT(*)": 5
  },
  {
    "person": {
      "identity": 2109,
      "labels": [
        "Person"
      ],
      "properties": {
        "name": "Renee Zellweger",
        "born": 1969
      }
    },
    "COUNT(*)": 1
  },
  {
    "person": {
      "identity": 2110,
      "labels": [
        "Person"
      ],
      "properties": {
        "name": "Kelly Preston",
        "born": 1962
      }
    },
    "COUNT(*)": 1
  },
  {
    "person": {
      "identity": 2111,
      "labels": [
        "Person"
      ],
      "properties": {
        "name": "Jerry O'Connell",
        "born": 1974
      }
    },
    "COUNT(*)": 2
  },
  {
    "person": {
      "identity": 2112,
      "labels": [
        "Person"
      ],
      "properties": {
        "name": "Jay Mohr",
        "born": 1970
      }
    },
    "COUNT(*)": 1
  },
  {
    "person": {
      "identity": 2113,
      "labels": [
        "Person"
      ],
      "properties": {
        "name": "Bonnie Hunt",
        "born": 1961
      }
    },
    "COUNT(*)": 2
  },
  {
    "person": {
      "identity": 2114,
      "labels": [
        "Person"
      ],
      "properties": {
        "name": "Regina King",
        "born": 1971
      }
    },
    "COUNT(*)": 1
  },
  {
    "person": {
      "identity": 2115,
      "labels": [
        "Person"
      ],
      "properties": {
        "name": "Jonathan Lipnicki",
        "born": 1996
      }
    },
    "COUNT(*)": 1
  },
  {
    "person": {
      "identity": 2118,
      "labels": [
        "Person"
      ],
      "properties": {
        "name": "River Phoenix",
        "born": 1970
      }
    },
    "COUNT(*)": 1
  },
  {
    "person": {
      "identity": 2119,
      "labels": [
        "Person"
      ],
      "properties": {
        "name": "Corey Feldman",
        "born": 1971
      }
    },
    "COUNT(*)": 1
  },
  {
    "person": {
      "identity": 2120,
      "labels": [
        "Person"
      ],
      "properties": {
        "name": "Wil Wheaton",
        "born": 1972
      }
    },
    "COUNT(*)": 1
  },
  {
    "person": {
      "identity": 2121,
      "labels": [
        "Person"
      ],
      "properties": {
        "name": "John Cusack",
        "born": 1966
      }
    },
    "COUNT(*)": 1
  },
  {
    "person": {
      "identity": 2122,
      "labels": [
        "Person"
      ],
      "properties": {
        "name": "Marshall Bell",
        "born": 1942
      }
    },
    "COUNT(*)": 2
  },
  {
    "person": {
      "identity": 2124,
      "labels": [
        "Person"
      ],
      "properties": {
        "name": "Helen Hunt",
        "born": 1963
      }
    },
    "COUNT(*)": 3
  },
  {
    "person": {
      "identity": 2125,
      "labels": [
        "Person"
      ],
      "properties": {
        "name": "Greg Kinnear",
        "born": 1963
      }
    },
    "COUNT(*)": 2
  },
  {
    "person": {
      "identity": 2128,
      "labels": [
        "Person"
      ],
      "properties": {
        "name": "Annabella Sciorra",
        "born": 1960
      }
    },
    "COUNT(*)": 1
  },
  {
    "person": {
      "identity": 2129,
      "labels": [
        "Person"
      ],
      "properties": {
        "name": "Max von Sydow",
        "born": 1929
      }
    },
    "COUNT(*)": 2
  },
  {
    "person": {
      "identity": 2130,
      "labels": [
        "Person"
      ],
      "properties": {
        "name": "Werner Herzog",
        "born": 1942
      }
    },
    "COUNT(*)": 1
  },
  {
    "person": {
      "identity": 2131,
      "labels": [
        "Person"
      ],
      "properties": {
        "name": "Robin Williams",
        "born": 1951
      }
    },
    "COUNT(*)": 3
  },
  {
    "person": {
      "identity": 2134,
      "labels": [
        "Person"
      ],
      "properties": {
        "name": "Ethan Hawke",
        "born": 1970
      }
    },
    "COUNT(*)": 1
  },
  {
    "person": {
      "identity": 2135,
      "labels": [
        "Person"
      ],
      "properties": {
        "name": "Rick Yune",
        "born": 1971
      }
    },
    "COUNT(*)": 2
  },
  {
    "person": {
      "identity": 2136,
      "labels": [
        "Person"
      ],
      "properties": {
        "name": "James Cromwell",
        "born": 1940
      }
    },
    "COUNT(*)": 2
  },
  {
    "person": {
      "identity": 2139,
      "labels": [
        "Person"
      ],
      "properties": {
        "name": "Parker Posey",
        "born": 1968
      }
    },
    "COUNT(*)": 1
  },
  {
    "person": {
      "identity": 2140,
      "labels": [
        "Person"
      ],
      "properties": {
        "name": "Dave Chappelle",
        "born": 1973
      }
    },
    "COUNT(*)": 1
  },
  {
    "person": {
      "identity": 2141,
      "labels": [
        "Person"
      ],
      "properties": {
        "name": "Steve Zahn",
        "born": 1967
      }
    },
    "COUNT(*)": 2
  },
  {
    "person": {
      "identity": 2142,
      "labels": [
        "Person"
      ],
      "properties": {
        "name": "Tom Hanks",
        "born": 1956
      }
    },
    "COUNT(*)": 12
  },
  {
    "person": {
      "identity": 2145,
      "labels": [
        "Person"
      ],
      "properties": {
        "name": "Rita Wilson",
        "born": 1956
      }
    },
    "COUNT(*)": 1
  },
  {
    "person": {
      "identity": 2146,
      "labels": [
        "Person"
      ],
      "properties": {
        "name": "Bill Pullman",
        "born": 1953
      }
    },
    "COUNT(*)": 1
  },
  {
    "person": {
      "identity": 2147,
      "labels": [
        "Person"
      ],
      "properties": {
        "name": "Victor Garber",
        "born": 1949
      }
    },
    "COUNT(*)": 1
  },
  {
    "person": {
      "identity": 2148,
      "labels": [
        "Person"
      ],
      "properties": {
        "name": "Rosie O'Donnell",
        "born": 1962
      }
    },
    "COUNT(*)": 2
  },
  {
    "person": {
      "identity": 2151,
      "labels": [
        "Person"
      ],
      "properties": {
        "name": "Nathan Lane",
        "born": 1956
      }
    },
    "COUNT(*)": 2
  },
  {
    "person": {
      "identity": 2153,
      "labels": [
        "Person"
      ],
      "properties": {
        "name": "Billy Crystal",
        "born": 1948
      }
    },
    "COUNT(*)": 1
  },
  {
    "person": {
      "identity": 2154,
      "labels": [
        "Person"
      ],
      "properties": {
        "name": "Carrie Fisher",
        "born": 1956
      }
    },
    "COUNT(*)": 1
  },
  {
    "person": {
      "identity": 2155,
      "labels": [
        "Person"
      ],
      "properties": {
        "name": "Bruno Kirby",
        "born": 1949
      }
    },
    "COUNT(*)": 1
  },
  {
    "person": {
      "identity": 2157,
      "labels": [
        "Person"
      ],
      "properties": {
        "name": "Liv Tyler",
        "born": 1977
      }
    },
    "COUNT(*)": 1
  },
  {
    "person": {
      "identity": 2159,
      "labels": [
        "Person"
      ],
      "properties": {
        "name": "Brooke Langton",
        "born": 1970
      }
    },
    "COUNT(*)": 1
  },
  {
    "person": {
      "identity": 2160,
      "labels": [
        "Person"
      ],
      "properties": {
        "name": "Gene Hackman",
        "born": 1930
      }
    },
    "COUNT(*)": 3
  },
  {
    "person": {
      "identity": 2161,
      "labels": [
        "Person"
      ],
      "properties": {
        "name": "Orlando Jones",
        "born": 1968
      }
    },
    "COUNT(*)": 1
  },
  {
    "person": {
      "identity": 2164,
      "labels": [
        "Person"
      ],
      "properties": {
        "name": "Christian Bale",
        "born": 1974
      }
    },
    "COUNT(*)": 1
  },
  {
    "person": {
      "identity": 2165,
      "labels": [
        "Person"
      ],
      "properties": {
        "name": "Zach Grenier",
        "born": 1954
      }
    },
    "COUNT(*)": 2
  },
  {
    "person": {
      "identity": 2169,
      "labels": [
        "Person"
      ],
      "properties": {
        "name": "Richard Harris",
        "born": 1930
      }
    },
    "COUNT(*)": 1
  },
  {
    "person": {
      "identity": 2170,
      "labels": [
        "Person"
      ],
      "properties": {
        "name": "Clint Eastwood",
        "born": 1930
      }
    },
    "COUNT(*)": 1
  },
  {
    "person": {
      "identity": 2172,
      "labels": [
        "Person"
      ],
      "properties": {
        "name": "Takeshi Kitano",
        "born": 1947
      }
    },
    "COUNT(*)": 1
  },
  {
    "person": {
      "identity": 2173,
      "labels": [
        "Person"
      ],
      "properties": {
        "name": "Dina Meyer",
        "born": 1968
      }
    },
    "COUNT(*)": 1
  },
  {
    "person": {
      "identity": 2174,
      "labels": [
        "Person"
      ],
      "properties": {
        "name": "Ice-T",
        "born": 1958
      }
    },
    "COUNT(*)": 1
  },
  {
    "person": {
      "identity": 2177,
      "labels": [
        "Person"
      ],
      "properties": {
        "name": "Halle Berry",
        "born": 1966
      }
    },
    "COUNT(*)": 1
  },
  {
    "person": {
      "identity": 2178,
      "labels": [
        "Person"
      ],
      "properties": {
        "name": "Jim Broadbent",
        "born": 1949
      }
    },
    "COUNT(*)": 1
  },
  {
    "person": {
      "identity": 2183,
      "labels": [
        "Person"
      ],
      "properties": {
        "name": "Ian McKellen",
        "born": 1939
      }
    },
    "COUNT(*)": 1
  },
  {
    "person": {
      "identity": 2184,
      "labels": [
        "Person"
      ],
      "properties": {
        "name": "Audrey Tautou",
        "born": 1976
      }
    },
    "COUNT(*)": 1
  },
  {
    "person": {
      "identity": 2185,
      "labels": [
        "Person"
      ],
      "properties": {
        "name": "Paul Bettany",
        "born": 1971
      }
    },
    "COUNT(*)": 1
  },
  {
    "person": {
      "identity": 2188,
      "labels": [
        "Person"
      ],
      "properties": {
        "name": "Natalie Portman",
        "born": 1981
      }
    },
    "COUNT(*)": 1
  },
  {
    "person": {
      "identity": 2189,
      "labels": [
        "Person"
      ],
      "properties": {
        "name": "Stephen Rea",
        "born": 1946
      }
    },
    "COUNT(*)": 1
  },
  {
    "person": {
      "identity": 2190,
      "labels": [
        "Person"
      ],
      "properties": {
        "name": "John Hurt",
        "born": 1940
      }
    },
    "COUNT(*)": 1
  },
  {
    "person": {
      "identity": 2191,
      "labels": [
        "Person"
      ],
      "properties": {
        "name": "Ben Miles",
        "born": 1967
      }
    },
    "COUNT(*)": 3
  },
  {
    "person": {
      "identity": 2193,
      "labels": [
        "Person"
      ],
      "properties": {
        "name": "Emile Hirsch",
        "born": 1985
      }
    },
    "COUNT(*)": 1
  },
  {
    "person": {
      "identity": 2194,
      "labels": [
        "Person"
      ],
      "properties": {
        "name": "John Goodman",
        "born": 1960
      }
    },
    "COUNT(*)": 1
  },
  {
    "person": {
      "identity": 2195,
      "labels": [
        "Person"
      ],
      "properties": {
        "name": "Susan Sarandon",
        "born": 1946
      }
    },
    "COUNT(*)": 1
  },
  {
    "person": {
      "identity": 2196,
      "labels": [
        "Person"
      ],
      "properties": {
        "name": "Matthew Fox",
        "born": 1966
      }
    },
    "COUNT(*)": 1
  },
  {
    "person": {
      "identity": 2197,
      "labels": [
        "Person"
      ],
      "properties": {
        "name": "Christina Ricci",
        "born": 1980
      }
    },
    "COUNT(*)": 1
  },
  {
    "person": {
      "identity": 2198,
      "labels": [
        "Person"
      ],
      "properties": {
        "name": "Rain",
        "born": 1982
      }
    },
    "COUNT(*)": 2
  },
  {
    "person": {
      "identity": 2200,
      "labels": [
        "Person"
      ],
      "properties": {
        "name": "Naomie Harris"
      }
    },
    "COUNT(*)": 1
  },
  {
    "person": {
      "identity": 2202,
      "labels": [
        "Person"
      ],
      "properties": {
        "name": "Michael Clarke Duncan",
        "born": 1957
      }
    },
    "COUNT(*)": 1
  },
  {
    "person": {
      "identity": 2203,
      "labels": [
        "Person"
      ],
      "properties": {
        "name": "David Morse",
        "born": 1953
      }
    },
    "COUNT(*)": 1
  },
  {
    "person": {
      "identity": 2204,
      "labels": [
        "Person"
      ],
      "properties": {
        "name": "Sam Rockwell",
        "born": 1968
      }
    },
    "COUNT(*)": 2
  },
  {
    "person": {
      "identity": 2205,
      "labels": [
        "Person"
      ],
      "properties": {
        "name": "Gary Sinise",
        "born": 1955
      }
    },
    "COUNT(*)": 2
  },
  {
    "person": {
      "identity": 2206,
      "labels": [
        "Person"
      ],
      "properties": {
        "name": "Patricia Clarkson",
        "born": 1959
      }
    },
    "COUNT(*)": 1
  },
  {
    "person": {
      "identity": 2209,
      "labels": [
        "Person"
      ],
      "properties": {
        "name": "Frank Langella",
        "born": 1938
      }
    },
    "COUNT(*)": 1
  },
  {
    "person": {
      "identity": 2210,
      "labels": [
        "Person"
      ],
      "properties": {
        "name": "Michael Sheen",
        "born": 1969
      }
    },
    "COUNT(*)": 1
  },
  {
    "person": {
      "identity": 2211,
      "labels": [
        "Person"
      ],
      "properties": {
        "name": "Oliver Platt",
        "born": 1960
      }
    },
    "COUNT(*)": 2
  },
  {
    "person": {
      "identity": 2213,
      "labels": [
        "Person"
      ],
      "properties": {
        "name": "Danny DeVito",
        "born": 1944
      }
    },
    "COUNT(*)": 2
  },
  {
    "person": {
      "identity": 2214,
      "labels": [
        "Person"
      ],
      "properties": {
        "name": "John C. Reilly",
        "born": 1965
      }
    },
    "COUNT(*)": 1
  },
  {
    "person": {
      "identity": 2216,
      "labels": [
        "Person"
      ],
      "properties": {
        "name": "Ed Harris",
        "born": 1950
      }
    },
    "COUNT(*)": 1
  },
  {
    "person": {
      "identity": 2217,
      "labels": [
        "Person"
      ],
      "properties": {
        "name": "Bill Paxton",
        "born": 1955
      }
    },
    "COUNT(*)": 3
  },
  {
    "person": {
      "identity": 2219,
      "labels": [
        "Person"
      ],
      "properties": {
        "name": "Philip Seymour Hoffman",
        "born": 1967
      }
    },
    "COUNT(*)": 2
  },
  {
    "person": {
      "identity": 2226,
      "labels": [
        "Person"
      ],
      "properties": {
        "name": "Diane Keaton",
        "born": 1946
      }
    },
    "COUNT(*)": 1
  },
  {
    "person": {
      "identity": 2231,
      "labels": [
        "Person"
      ],
      "properties": {
        "name": "Julia Roberts",
        "born": 1967
      }
    },
    "COUNT(*)": 1
  },
  {
    "person": {
      "identity": 2234,
      "labels": [
        "Person"
      ],
      "properties": {
        "name": "Madonna",
        "born": 1954
      }
    },
    "COUNT(*)": 1
  },
  {
    "person": {
      "identity": 2235,
      "labels": [
        "Person"
      ],
      "properties": {
        "name": "Geena Davis",
        "born": 1956
      }
    },
    "COUNT(*)": 1
  },
  {
    "person": {
      "identity": 2236,
      "labels": [
        "Person"
      ],
      "properties": {
        "name": "Lori Petty",
        "born": 1963
      }
    },
    "COUNT(*)": 1
  }
]