﻿[
  {
    "person": {
      "identity": 17,
      "labels": [
        "Person"
      ],
      "properties": {
        "name": "Lilly Wachowski",
        "born": 1967
      }
    },
    "movie": {
      "identity": 2192,
      "labels": [
        "Movie"
      ],
      "properties": {
        "title": "Speed Racer",
        "tagline": "Speed has no limits",
        "released": 2008
      }
    }
  },
  {
    "person": {
      "identity": 18,
      "labels": [
        "Person"
      ],
      "properties": {
        "name": "Lana Wachowski",
        "born": 1965
      }
    },
    "movie": {
      "identity": 2192,
      "labels": [
        "Movie"
      ],
      "properties": {
        "title": "Speed Racer",
        "tagline": "Speed has no limits",
        "released": 2008
      }
    }
  },
  {
    "person": {
      "identity": 2116,
      "labels": [
        "Person"
      ],
      "properties": {
        "name": "Cameron Crowe",
        "born": 1957
      }
    },
    "movie": {
      "identity": 2108,
      "labels": [
        "Movie"
      ],
      "properties": {
        "title": "Jerry Maguire",
        "tagline": "The rest of his life begins now.",
        "released": 2000
      }
    }
  },
  {
    "person": {
      "identity": 2227,
      "labels": [
        "Person"
      ],
      "properties": {
        "name": "Nancy Meyers",
        "born": 1949
      }
    },
    "movie": {
      "identity": 2225,
      "labels": [
        "Movie"
      ],
      "properties": {
        "title": "Something's Gotta Give",
        "released": 2003
      }
    }
  }
]